<?xml version="1.0" encoding="UTF-8"?>
<project-private xmlns="http://www.netbeans.org/ns/project-private/1">
    <editor-bookmarks xmlns="http://www.netbeans.org/ns/editor-bookmarks/2" lastBookmarkId="0"/>
    <open-files xmlns="http://www.netbeans.org/ns/projectui-open-files/2">
        <group>
            <file>file:/D:/xampp_5/htdocs/StudentDetails/StudentDetails/signup.php</file>
            <file>file:/D:/xampp_5/htdocs/StudentDetails/StudentDetails/add_modal.php</file>
            <file>file:/D:/xampp_5/htdocs/StudentDetails/StudentDetails/index.php</file>
            <file>file:/D:/xampp_5/htdocs/StudentDetails/StudentDetails/login.php</file>
            <file>file:/D:/xampp_5/htdocs/StudentDetails/StudentDetails/logout.php</file>
            <file>file:/D:/xampp_5/htdocs/StudentDetails/StudentDetails/tcpdf/tcpdf.php</file>
            <file>file:/D:/xampp_5/htdocs/StudentDetails/StudentDetails/print_pdf.php</file>
            <file>file:/D:/xampp_5/htdocs/StudentDetails/StudentDetails/add.php</file>
            <file>file:/D:/xampp_5/htdocs/StudentDetails/StudentDetails/edit.php</file>
            <file>file:/D:/xampp_5/htdocs/StudentDetails/StudentDetails/edit_delete_modal.php</file>
            <file>file:/D:/xampp_5/htdocs/StudentDetails/StudentDetails/connection.php</file>
            <file>file:/D:/xampp_5/htdocs/StudentDetails/StudentDetails/delete.php</file>
        </group>
    </open-files>
</project-private>
