<?xml version="1.0" encoding="UTF-8"?>
<project-private xmlns="http://www.netbeans.org/ns/project-private/1">
    <editor-bookmarks xmlns="http://www.netbeans.org/ns/editor-bookmarks/2" lastBookmarkId="0"/>
    <open-files xmlns="http://www.netbeans.org/ns/projectui-open-files/2">
        <group>
            <file>file:/D:/xampp_5/htdocs/cakephp/cake/libs/class_registry.php</file>
            <file>file:/D:/xampp_5/htdocs/cakephp/app/controllers/components/paginator.php</file>
            <file>file:/D:/xampp_5/htdocs/cakephp/cake/dispatcher.php</file>
            <file>file:/D:/xampp_5/htdocs/cakephp/app/views/movies/index.ctp</file>
            <file>file:/D:/xampp_5/htdocs/cakephp/app/models/movie.php</file>
            <file>file:/D:/xampp_5/htdocs/cakephp/cake/libs/model/datasources/dbo/dbo_mysql.php</file>
            <file>file:/D:/xampp_5/htdocs/cakephp/app/config/routes.php</file>
            <file>file:/D:/xampp_5/htdocs/cakephp/app/controllers/movies_controller.php</file>
            <file>file:/D:/xampp_5/htdocs/cakephp/cake/libs/model/datasources/dbo_source.php</file>
            <file>file:/D:/xampp_5/htdocs/cakephp/app/views/movies/view.ctp</file>
            <file>file:/D:/xampp_5/htdocs/cakephp/app/config/database.php</file>
            <file>file:/D:/xampp_5/htdocs/cakephp/app/views/movies/edit.ctp</file>
            <file>file:/D:/xampp_5/htdocs/cakephp/cake/libs/model/datasources/dbo/dbo_mssql.php</file>
            <file>file:/D:/xampp_5/htdocs/cakephp/app/config/core.php</file>
            <file>file:/D:/xampp_5/htdocs/cakephp/app/views/movies/add.ctp</file>
            <file>file:/D:/xampp_5/htdocs/cakephp/index.php</file>
        </group>
    </open-files>
</project-private>
